client_id,hesitation_seconds,is_buyer
89d7eb48-c1c3-43f3-b1f5-35b23d7180f1,1.04,1
4e6a5517-215d-498d-a2ee-f7fcc2e1f449,1.07,1
93495e99-4df7-4a51-b41c-4dc9e2d62c2a,1.07,1
a7a4699c-0b38-44d9-8605-84249c4b66c8,1.12,1
7b4f8e0a-b189-42e3-af01-3a81ea4ad48a,1.15,0
8bbff988-adcd-4599-bca4-cbfe14b1f666,1.16,1
d78075a0-cad1-4c42-96fb-46081f75ac3e,1.16,0
996f1006-7c42-48a3-b72c-ba56451681d9,1.17,1
8664ef14-f23c-45e7-a180-c21c7c64d587,1.18,0
5ba5b3bb-fc33-421c-a028-e9f08aab0092,1.35,0
c2c1a3b4-2992-4f22-8199-8104034c4d82,1.38,1
7ddf49da-7152-4d15-8b3a-655a4b886c72,1.4,1
538e730c-438e-4485-bd9e-f5843ab17f3f,1.49,1
17b88265-4f6f-49a9-bd62-69fa32b887da,1.54,0
6db2c0eb-20c7-4e5f-b31b-0f9a6351b4bc,1.54,1
7fe4fa60-8f37-42e7-b784-9587e1d8b502,1.57,1
74ba9612-97d4-4880-8d63-bddce62c06a2,1.64,0
a324d94d-1180-4ab9-84ab-2d63bf949d3e,1.67,1
8110c2c7-ee2d-4833-8122-98227bea844e,1.67,1
1cedb98e-8485-4e2d-8ec6-07b08ac04741,1.71,0
c82760a3-029d-4571-b8cd-8f201657a450,1.72,0
417f5796-e6c3-4e6d-bb87-2640013d340e,1.76,0
6c81ce30-ca3d-4e7b-8035-fb6a849561cd,1.77,1
2fdc68c4-b3ef-432b-9048-81fd82b497af,1.83,0
83c5acde-4b79-48f6-afc9-74ce75dd3eef,1.94,1
f67154ad-0716-486b-b6f1-f38098f28e64,1.95,1
f2eea395-a958-4c5b-bf7a-d23291a62158,1.98,1
d54af8a1-420e-4c26-aa96-b45a355a182f,2.04,1
55b08921-6ea7-4931-9514-c5bb9fee993e,2.08,1
12e90784-267c-4a92-85ab-3a4ffd73d7c8,2.11,1
8a5af581-9ce9-4e2c-a13b-1be11d65bd64,2.12,1
3d70482b-8f8e-4ac1-9b07-041a73fb8600,2.14,1
70bd599a-ed09-4d5a-89db-934e77b5c6ae,2.14,0
005b7516-5271-4c39-9170-afe7a5afcbb4,2.14,0
a0250d90-23ae-49be-b942-93b7277d08db,2.31,1
2b8c7428-897d-42bf-88c4-ed8b03a1486a,2.44,1
49845e12-566f-407c-91bc-64f25869b284,2.44,0
54c57a96-3e76-44ef-8e99-74d85cd5adfc,2.51,1
c735fbfa-064d-4564-9844-bfb1ff951628,2.55,0
27afb308-c707-4bc2-810d-6269750be478,2.58,1
4bcc5fdc-6c5b-4ad9-89e5-46da8e77b026,2.62,1
2d11539a-2564-4f2b-9c8a-920e31f8e961,2.63,1
62a380c1-976b-462c-94cf-4441d98f9de1,2.68,1
c78af2d1-bb6d-4521-beaa-8a30addacb8f,2.94,1
2d053dfa-233a-44ec-ac7c-905417f5a9c8,2.95,1
315d8880-9129-470c-883c-e8545811f937,2.95,1
95d521a1-6730-437c-8bee-bac905f8131d,2.97,1
7d7da967-b395-486f-acc1-da244ca3390c,2.98,1
6eef11b7-1570-4019-b531-9256fdcf8170,2.99,1
276c66b9-a664-4e2f-9673-00962ea5da8f,3.01,1
ccfb416d-3ed1-4bf4-b250-f5b66dea0a01,3.05,1
256eb7f7-8458-4cbb-b4c4-7ebe45acc3b9,3.05,1
ee8a8ef8-bb00-4c3a-ab1b-064fa926b8b8,3.09,0
241520a3-6192-48b7-bf22-c8a034f28f0d,3.1,1
0fca0a1d-89dd-416c-9489-b2b87fd3bef2,3.15,0
e54a72a8-668f-4051-beda-4d31e481e976,3.18,0
e51cf3d2-b961-47de-b311-9d0682dafaf7,3.22,1
76678f11-e1ed-48cd-a884-35c9c35f1aab,3.26,1
04432440-c6e3-4fd4-b17c-0d25c03d68e8,3.27,1
f7d15322-e6ed-4481-84be-112cf72837e2,3.29,1
7e8b460d-5246-4b6f-8561-6b0bc1f812d9,3.32,0
2b24b967-e321-4d8d-9af3-e193d9ecd05a,3.33,1
d0b0a2ed-951e-47fc-82cc-0bfcd353b00b,3.36,1
87b55ad2-8114-418f-9c62-682fb865d6c6,3.41,1
3761e49f-be93-4f92-ba72-a411105fdaa2,3.42,1
66568ceb-6fe6-411e-9997-e0251d8c2afe,3.43,1
fb90f85e-5735-491c-a3eb-91232e93bfa4,3.45,1
d6cd2bcb-06ef-4c8f-ba08-f6e78067ccc4,3.64,1
9343e1f0-f3f2-4c5a-9e3b-79902e7de87b,3.67,1
775d6bca-8b30-4742-a541-4429dc981762,3.67,1
61adb621-41bc-441b-91a3-9b94f3ee4726,3.68,0
779189c2-7485-43ff-bd0e-fad97c1e9a14,3.7,0
ca808a3e-b934-40da-b282-eb3cd9baa041,3.73,1
b1e354f9-36fc-4ba6-b93e-797d4e719207,3.75,1
5600292c-1119-479e-8765-544707a823cd,3.77,1
982af934-a7b8-471a-b226-fc2a59c03e23,3.82,1
cd18b0a1-eeae-4dd8-bd34-edc66696925d,3.9,1
d42b2558-f9d3-4b4c-b47d-ed1a6fca070b,3.94,1
96814ab8-02b9-44d9-a68e-d342fc948ab7,3.96,0
3a266b22-df19-4529-9c6b-4c48cae709e8,3.99,1
b18a3a95-33e5-4f2a-a155-9634c2de9c30,4.02,0
9a4b261d-497d-4b61-933b-c3ce52093e4a,4.03,1
55ea5177-be58-4bcf-bde6-78d37cb856f2,4.07,0
1c4c9561-9a23-4669-8af1-611fb9843e12,4.16,1
7c4aa104-6633-4f48-b8a9-30d9fecda3ad,4.18,0
f4f40d2a-8dcf-4a7a-8b48-f2c3b7302157,4.19,0
76e14390-7fff-4668-86b8-8344e76f7728,4.35,0
bdaa704e-01dc-48c8-b301-0a1a89125ad8,4.37,0
e87860d0-b733-44db-9101-2b3f7431667e,4.38,1
291af597-763b-4133-a692-ecd0bca6d59d,4.4,0
29e82414-da0c-40db-87b6-f0f67eefeb52,4.42,1
11a0a941-1559-411a-a33b-60c7c77aaf0b,4.44,1
40e12415-cc3c-4ef1-b694-36aff6e53934,4.48,0
757af5e9-3a43-4077-89e6-b41535d86c04,4.51,1
7e5af8f6-8ee5-49da-a2d5-ca5fd63fb414,4.54,1
196c4372-e376-460c-95f5-ca55b46ef006,4.55,0
ff25096c-7581-481c-bf20-3ecb72565717,4.57,1
5f98d5ab-0e47-47d1-9016-431add680685,4.63,1
3047b35b-5441-4ef8-a16c-345dfaf0490f,4.64,1
5629848b-3803-47c0-a202-00b049b5f71d,4.77,1
8bc15444-8831-4adf-8c5b-86e0fdd25afb,4.81,1
2b6ef190-c0bd-4b1b-9a26-b623e6b16e17,4.81,0
c552187e-c1fe-4665-b61d-c938e112b201,4.85,1
7a122ae4-79e9-43f7-ae3c-7db88af70ceb,4.89,1
1a8c9ae3-e21a-46ea-8f2d-7bdf6011fec4,4.89,0
815e8bb0-ba5c-4b6b-9b69-91d71ec897ab,4.9,1
92578ce9-7276-46b1-abaa-0dcc8e071a72,4.9,0
5cfae250-1d98-4662-9d53-6c4e228f0260,4.99,0
c5a303e9-fe5f-430c-a0da-a74026f0dd8e,4.99,1
d081c72e-c722-4384-a97e-7b85b063cf9b,5.02,1
a142e816-0559-4250-ade1-5650c448fa50,5.04,0
4917493c-e264-430a-be3a-c7e979a6e395,5.05,0
61048f41-e875-412c-b683-a975528ad1ea,5.09,1
b6b35ffe-c653-4fcc-8f2c-bf958359dc8d,5.1,0
b8d28471-b1bf-42f3-abba-dd36c434c5bf,5.11,0
ea66ab89-29ca-495c-86bd-4f83e7707962,5.12,1
dd4cb5cf-ccc8-4c48-a302-797559ba4744,5.14,1
5e6e6c77-6b1f-426d-a0c0-08450598d0c2,5.24,1
b208fcaf-58e2-4eef-85f0-328a08c9c966,5.45,1
2320588a-7ce4-4c5a-95be-141d6fef1224,5.46,0
7a498ef2-8b99-4d00-9ff3-5354cb4891d9,5.46,0
0723e72f-a124-4a8c-9a4a-3b2531ddd657,5.46,1
a0e00f95-a70e-46ce-b0aa-f575dff57e33,5.54,0
0ca053e0-add4-4599-bded-fbd82478674a,5.55,1
6fdff716-fdf5-48af-ab2c-ed018933917e,5.59,0
0f14669f-6f39-49c4-bf06-795413dcaeae,5.6,0
4fcee524-c586-40be-8796-407eb845b484,5.6,1
ca3d4ac6-fcfb-4d99-8ba8-c571bae80ef1,5.61,1
ee9903f2-c201-4827-86b7-6779419670eb,5.63,1
c707d623-81ac-4c70-a234-0c001f65d88e,5.64,1
33ed10a9-3872-497a-a8f2-9843efdebb2c,5.73,1
107dc12b-6e30-43e3-8416-8d8b4a71ea36,5.74,1
562c62ca-e8e1-4a7d-9e3e-52dfd6cb196d,5.76,1
2a1ce9fc-8989-463d-8aeb-ccb4d992c88d,5.76,0
93f6ad05-6907-4416-8509-89dd5ff1dd67,5.84,0
6482eed0-e1a2-4ab3-9fdf-df323de22fa1,5.9,1
7905d038-b3a5-4584-ac0f-aaaf7afcbf44,5.91,1
9f012f57-d792-4593-91b8-d9a7608aa940,5.95,1
0f4830ac-e17a-4845-91cc-2dfc24ad4f3f,5.96,0
55441408-3ee3-4fd9-bdbe-aba8279da9b3,6.02,1
4fdeaa2b-8051-411b-a051-d86d6f102525,6.07,0
718d9a0c-59e5-4edf-a521-61d874d89db6,6.09,1
76ec699a-27fd-4b3f-8d64-b24f65c43a17,6.16,0
31f95e64-5587-4359-b14c-fa36d69f6fe8,6.33,1
51f274ac-43ff-4485-bc26-694157b232dd,6.38,0
749ef44f-39e5-4865-841b-a315b2d5603a,6.38,1
163b7480-7c0e-40b7-9fd6-f2d06d14c17a,6.39,1
8fcdda27-1208-4c38-9c6b-0b1f32a24795,6.44,1
2f30d299-1f3f-486e-aff2-02bb292a372d,6.45,0
e70c8efa-a7cc-4b25-8e03-f4b94726aa06,6.46,0
0a86f68d-c82e-4bcb-a112-bf677c903e78,6.51,0
5d719fe4-eb73-45f2-9a7d-272574fdb88f,6.52,1
b3fd92e1-f00d-4569-b46c-92da424ddd4f,6.52,1
6c2d5586-f8b6-459d-aa14-f4a5482ddc16,6.61,1
d6561429-42e7-4f16-8fa9-89c0f8a0b3f0,6.61,0
e9fdd72d-5048-4953-9259-78cd9ab84ec4,6.62,1
1093a3fc-5da5-4978-9056-71c3e36d1ed9,6.67,1
0abd5e9f-426c-40b5-8eb2-ddbbfd295626,6.71,0
9afd5500-ec76-49be-8967-843bbb6a92ca,6.78,0
3bebb73e-7849-4bbb-9986-b46e13441931,6.78,0
b6745e01-d91e-4d1e-988a-de687cec93b5,6.8,1
c14988c9-f01b-48a2-a1b5-59af9d2f93db,6.82,1
01e4ac08-6af3-4553-a7aa-d7f6858ac439,6.97,1
37d7985d-bb9e-43f0-87be-8cf2eb32dcb7,6.99,1
e8081bc6-71d5-4fde-8ea2-0a07fd2d6198,7.12,0
b07882c0-33cc-425e-8e43-314974668102,7.14,1
3dbaebed-6082-4747-9505-8605e450699f,7.17,0
a155517f-d793-4fd4-bd82-bbc1fd3601d5,7.33,0
5e209c58-2690-4de3-a8b0-575f34daf612,7.34,1
63255927-34d2-439b-8388-733683e94de2,7.35,0
53f99c2c-30d9-4b20-81d4-11287ee0eab8,7.36,1
d0554df9-9ced-4fe0-856b-2bbc557b04bc,7.37,0
9205623b-5c66-409c-9860-3fe7953250e6,7.39,1
f0127f9f-fe72-40db-960c-c5fb7452b64f,7.46,0
e81601a0-2955-40f9-ba1d-1749da72fb4c,7.46,0
9aecef54-eb1b-4af6-960d-c652e3e0396c,7.47,1
822b70f3-1af9-4cba-bf4a-aec97ea1d406,7.52,0
8aecb39e-d624-4669-8c1e-c269fb7b82b1,7.55,0
98433c9f-bef6-456c-b272-2cc14c6cea33,7.58,0
93ac7d6c-83a3-4a6f-b093-d0e70f2b2fa1,7.6,0
32c18bba-4688-4c8a-bdb5-809059a1272c,7.64,0
aebbf3eb-473a-400d-8a87-675cc98bf8f6,7.64,1
ff746275-ab24-491c-b14a-82374e77971c,7.64,0
59f98041-75a2-4973-81ec-b89d1df487cd,7.74,1
379b81a8-2a14-499e-a2de-a4208e91d585,7.75,0
0700b7ab-b9e6-4d50-b6f9-f47b9273133f,7.76,0
27d946d6-0e85-4805-94f0-d076356b343e,7.76,0
6b383a2d-9000-48f3-b7e0-47f976039cc8,7.81,0
42d6ac19-5b2e-47ed-8779-bd6a98efb318,7.83,0
df556f71-f71c-40d4-aac0-dacba5d4c559,7.84,0
b75709bf-04e5-4460-b778-092edeb3e9ad,7.84,1
f931df11-3ff7-4b08-91d6-7ceee22f1324,7.89,1
d314f9b1-5f54-4cd0-ab7a-eed9083f3d8a,7.9,0
f58c8f56-a535-4667-8bcd-fef5c29e5fbd,7.98,0
2e2240c6-9e4f-4abf-8fe0-c998b43d40ea,8.01,0
43e22fb1-4719-4009-953e-45e3d0b2338d,8.01,0
ee5e819f-7454-48af-828f-bfe105696716,8.03,0
5f0f8294-8389-48b1-b7e7-59b62f86d970,8.05,1
377364271.1772751656,8.05,1
9993cd4f-c631-4372-950d-55a906784ded,8.13,0
4a945ada-7661-4a7c-a531-adbee703a4c8,8.19,0
cea4098b-1d08-4a73-a050-fe0b51a09410,8.25,0
74dc3222-43f9-4e37-8ab8-07d591e0c755,8.25,0
3b7eee13-aff5-4549-b471-c02d9b90dfb2,8.25,0
8a3596b5-8221-4649-a310-97f5cb33d9e1,8.29,0
d5fe4c43-7a15-44d8-97fe-4141f0c17c44,8.3,0
c91b9915-67d6-4c07-9d4e-d1b96cb5cf30,8.33,1
727ba8f3-ac24-4849-b911-b7c2f5c193a9,8.34,0
bd42659d-4c9f-45a3-8e24-8b6849bbf106,8.35,0
2562d999-d349-431f-823d-14cc5a71b6ef,8.36,0
979114263.1772748398,8.39,1
fd1acd18-9ce4-4617-a930-127d93f0c4c7,8.42,1
3f4080b3-be30-42ce-ab92-7e434b786950,8.44,0
975122111.1772752204,8.44,1
4e6ee5a7-75fc-4a5b-b69d-81267e05477b,8.48,0
e23d42dd-5897-4b7d-a7c0-5417adb1f682,8.48,1
01a304f5-b167-4bd1-8393-d0fdca736323,8.54,0
10415fd5-ac8e-43d5-95cc-38177dc994ad,8.61,0
62e0a963-8c0e-48d3-a77e-12ca77146a42,8.61,0
a3be565b-a74e-4d65-aa97-d128790ec8db,8.64,0
bf604a3f-9c39-4fdc-abb8-e279f0b16fef,8.67,0
4eb4f5c5-9ded-4238-b501-fc0501e74bd1,8.71,0
afa01d2a-ed05-4f0f-b2db-75068ea260a2,8.74,1
4e9eb487-3064-4672-bfa7-cbdbd31897b3,8.93,0
166810ff-b5a8-4ff2-959e-f101326f6b8d,8.93,0
633932c2-9b9f-47fd-b40e-0a3feabebe67,8.95,1
d640b9fb-9812-4566-b12f-8495da969b78,8.96,0
84fd4b91-6de5-48b2-8ab4-a2ab63fef1c0,8.99,0
78635f45-c893-470c-bc5e-195c8e77d011,9.05,0
b426d931-8e8c-4bab-a17e-1ea6c0e89f56,9.09,1
0c9f2e35-5873-493a-a483-924524303461,9.18,1
f4ff981d-21b8-4b9c-84a8-1c9849b937be,9.25,0
58e37c38-ca0b-4423-be7f-72518228d189,9.26,0
5cc9d0e9-282e-44fe-ab1b-d57e8bb57df0,9.26,0
491469993.1772751528,9.27,1
2cc0dd2b-7ffe-41c8-8a88-d961d8998dfe,9.3,0
f905f7f0-dee5-463d-b992-69bebe71e341,9.31,1
22b21572-0b0e-4f99-8368-790a3cac7a28,9.32,1
49cdc92e-8507-425c-aabe-5e0a36db7886,9.34,1
5b9ec6cf-12d2-419d-a07c-e11f98fce853,9.35,0
c1a8acd5-ee5f-48c2-8fca-f67d9475e34b,9.41,1
af8c469a-c882-4833-9f9b-9cab6bd146ed,9.43,0
7e467fff-ea49-4a78-b3c9-3c02403d7034,9.46,0
ebba4317-8977-4362-81cc-df789ef84648,9.48,1
a285eef1-7061-4279-bca1-645d6bc5a891,9.51,1
b005277b-c336-4c20-8a77-30678368163d,9.53,0
7cc201da-e3d2-4e6a-9870-ba5abd793416,9.54,1
9902f093-93d8-409e-a1f3-bfd8c3a0ab31,9.58,0
6350a48b-bc6d-4638-ac9b-303b7160c76d,9.59,1
7a72ef15-77ac-4dbc-95ea-49438e659b8d,9.66,1
b71a0aed-df9e-4a25-aa54-87078cb37101,9.67,1
d3384974-882a-4908-9db6-b137f4b1b298,9.7,1
a90cf932-5047-41c4-92eb-7412fa9a2756,9.71,0
2b69261e-2560-4160-86ad-9cf68a5811e4,9.77,0
460c8d94-686b-42e6-8304-9524eb273b03,9.77,0
3fca9991-5e95-4337-901d-50e102c3287f,9.78,0
2073821618.1770977671,9.84,1
574ac8f8-7291-4ba5-a325-4ef603bede52,9.88,0
0f41b18d-e5e4-4a76-99d9-26a1170dda0e,9.89,0
ffb69aea-9a46-4d07-a8db-3cc9bc63631b,9.91,0
dbfe9210-3d6b-4d32-a35a-c00f33c7bc44,9.95,0
1055258938.1772752268,9.97,1
f7c9c5a2-4117-417f-a325-e1333faf17ed,10.01,0
21ac285d-68c0-48a5-86a5-1c38adde9bff,10.01,0
668013088.1772752506,10.03,1
6fba4201-1810-44a8-8ba5-9c020f0cccdf,10.05,0
d921c9cf-5e11-4b4e-83cb-9c0b75c60a14,10.1,0
033ded6b-8f94-4812-bdbb-16a45a396514,10.16,0
dfe7bac6-22d1-489e-85a5-5654a683fc0e,10.17,0
d9d34bf0-4e9a-4c26-853d-b5714d74c2cd,10.18,0
dad099c3-ca3d-4a82-909f-3a59bd3b2e98,10.18,0
3a9fc642-0e5f-4af1-8cc1-2257d320477b,10.24,1
088ad70f-29fc-4245-8b47-1e96bb9f1d2d,10.26,1
a5317d18-dafa-4fd8-bd05-fde34343c0ac,10.26,0
b04724d9-dbc5-4674-9019-7d4b0593aabb,10.3,0
722fb967-f910-4ea8-9072-463ec4d95b0d,10.31,1
88e5fa9a-45c5-4477-a1bc-50b9377de807,10.37,0
738df02a-95f6-4855-a384-714b7c1b32a3,10.39,0
a4f8e06a-e4ae-4bb6-856c-177258ad2862,10.42,0
ae6eeb21-09c3-4955-ae8f-7ad3935b87ae,10.45,0
db5b7fe7-aa72-4661-ad45-a0cb5c6b4653,10.5,0
1610449768.1772751911,10.52,1
64c07beb-c5a2-4f23-a4e6-228056db7c33,10.54,0
8db8f064-0527-4c42-b017-8cec7ad2f7ae,10.59,0
9f603612-91b4-44f9-ba10-437da6789806,10.6,1
060c3ace-ab27-4dad-983a-520eda22fc08,10.7,0
1008bcf6-93a6-44c0-b40b-d635f602c600,10.76,1
bfa87e22-1120-4249-8319-e11257678b11,10.76,0
84b4694c-ff84-4de4-a10c-f17400a3c1e9,10.8,0
5790e775-3274-47d4-bd34-7edfb77f592b,10.84,0
8246d5af-b311-4302-9c77-6edb3e1d2a15,10.89,0
0c5c16c3-8818-495e-8bcb-1c7798d2ffdd,10.9,1
43e908c6-baac-44a6-8c8f-1a4b7f7d6a5f,10.91,1
f7cdf69f-e957-48f1-b2ad-d90ca8e52569,10.91,0
3b97602b-dd46-4455-bf84-2f4c4d47bb21,10.92,0
9ec504d8-ed25-40fb-813d-6bad47ef2524,10.94,0
4a75deee-0323-4e0b-ae64-9958beead08b,10.96,0
1437185435.1772752485,10.98,0
2f2d4a4b-af53-43c7-918e-8caddc27098c,10.99,1
375840e4-5153-4e08-b277-1c066f07f447,11.02,0
49b6d945-88c0-45b6-8a69-3bcfbc242081,11.09,0
7e801f4b-f035-4b7f-ad79-7ae24e3ad337,11.17,0
5ad77880-a52d-4bbf-a355-4ef4d6ddc08b,11.2,0
89b210e6-8c4b-4821-87cf-92396561ee19,11.2,0
72a9d320-5105-471a-b39d-ef2a7c590ced,11.21,0
4f0e09d2-6997-4e51-b8ef-789e22e674d1,11.23,1
dc07ed80-0838-491c-bdfb-90e59166016f,11.33,0
21707bea-9c2b-4879-86d2-f0588f903a1a,11.36,0
1977941773.1772752247,11.42,0
35153195-f8ad-4f4c-b80d-16e9c79dfee3,11.44,0
aa4e5143-d2c0-443c-b8bd-40d6ce23ed8b,11.45,1
39df8c3f-130f-46d2-87bc-4ae630438f6b,11.49,1
9188b118-3137-4808-abc2-aa582cfbaa0d,11.59,1
3321bc60-404e-4d1a-9afd-4ac166899fb4,11.61,1
8232fa87-ea63-4609-a6b8-18bde0c0d5cf,11.63,0
bf70d50e-dde5-4a6b-8756-21cefe809e84,11.65,0
37c4d236-2dbc-4eb4-aa05-7e3062034d70,11.68,0
2da79f68-dfc0-486c-90cc-d3831f149068,11.75,0
bbbf6395-8afb-4503-a4ae-27608e51ec94,11.78,0
ca8fffb1-f1be-4a87-abc6-36f103cb5b02,11.81,1
8e482ed9-7d67-432f-ade2-35243a3a529c,11.83,0
d778d568-e6eb-4842-a24f-ba42c50114e3,11.84,0
a7703405-32d3-4169-bd48-4e6818b914ae,11.89,0
0fef0e3a-bc96-4ee4-8bc3-0f8be2d198ca,11.89,0
7f521967-9c0d-49a2-bd9d-2d340c269b9a,11.97,1
7f177b84-42a5-47ef-bcbf-ae027bcadc74,11.99,1
1733374282.1772751375,12.01,1
1a9bb6e0-fb69-465a-8086-2e9fe6dffdaf,12.01,1
2e2a5f64-9091-48d4-98ac-901715e7dd89,12.03,0
b6c8ad2e-754d-4904-b1f8-5b97b3d0feaf,12.03,0
7b88b589-7242-4922-a0e2-84454338dfbe,12.06,1
79fa8625-63ec-4a98-a009-a47eb0c1f428,12.14,1
c2bb86e4-0cb2-4e5e-a34d-b693e91ec197,12.18,1
6c702913-0e86-48fc-8a5b-a8fb03d38654,12.19,0
a3dd0694-a65e-444e-bc99-6e3962ec0894,12.28,1
6a055fbf-112e-4c23-b568-41442bd6471b,12.28,0
952e4590-9da0-4f04-9441-66bbc24f945b,12.3,0
5d6d6695-ce82-4bc6-afcf-00ab729969ae,12.35,0
1911366936.1772752288,12.36,0
79f76864-0642-40a3-aecd-daeee36c3f69,12.37,0
9e901bb4-1a4a-454a-bbef-8e9b48851b7f,12.41,1
ef1c0a37-cf7d-4258-a7eb-47052867d220,12.45,0
f8525b54-d559-4c36-8722-72eb04da2273,12.46,0
2073821618.1770977671,12.48,1
9b574c10-d54c-4a31-ad9c-468022769cae,12.52,0
e66df254-acd9-45f3-8f09-f8573eb3930b,12.54,0
559797997.1772751635,12.54,1
2081366e-7fcb-4e3f-a19b-e3fa180e0808,12.61,1
daa53574-7241-4f1f-8cf5-d955e37d8ab6,12.61,1
b1f11c7e-2839-49c9-beb9-404babb40ee1,12.62,0
7289ce27-f014-41fd-b574-25f2ab2eb56d,12.64,0
53321175-425e-47c1-ab53-59d5d39d16f0,12.81,1
c2f6760c-4967-44d2-8028-d516c52d69a5,12.81,0
f35a0e0c-7ead-4e6f-a02d-6547fee6994f,12.82,0
67cf869a-3c35-4d11-ab16-99edfbd1a74f,12.86,1
6943c7fe-fd70-415a-8913-a8a734c99ea4,12.89,0
c4de715d-7dab-4e4d-a29d-3d24a3f88e4d,12.91,0
1738129598.1772751691,12.92,1
1077316462.1772751397,12.93,1
0b38bb56-e5a8-4ee6-b951-c727145403b4,12.94,0
795bd91c-4965-4351-84ea-94fe21039f24,12.96,0
b8ed5b15-a521-42f6-b46c-4314a08785b8,13.02,0
966ca260-9c1c-4453-9aa4-fbd5e866ab4c,13.08,1
242f1515-aa1e-4171-ad2b-9c88d8ab4fb6,13.11,0
f3a6b5bb-8650-422b-a6da-57ced6c85027,13.19,0
4d95a98a-e877-4899-a10a-74b34f52d8f5,13.19,0
1467010450.1772752387,13.26,1
7ea92e23-9db6-4f1b-ad2f-c855165084c6,13.3,0
f20e0cc2-2c34-4a06-903d-adc08aeb09ae,13.3,0
e02449fe-ae3e-41fe-aa5b-fc6ebc17fd0a,13.34,1
8635c156-6b9f-4342-8764-4a5ce2a2511c,13.36,0
1ff5bd98-e240-465f-9eba-d3e3f88c2f17,13.38,1
7f2a72d6-7b1b-4959-9b33-e82939b9ed7f,13.4,0
3f0622c4-e895-4b49-9b7d-708cf0d9a48a,13.4,0
b936993a-afb0-4618-b03e-85928be83321,13.54,0
2243047a-a6fc-4ac4-a9fe-414db8bbf559,13.58,0
f1788b81-6962-4948-bdd2-46d965002d6b,13.58,0
431688253.1772751867,13.62,0
219368444.1772752437,13.63,1
0fd04607-cfcc-4a6d-8743-139e8a10c6a7,13.64,0
a366dfc3-6499-4130-a1c0-9bfeaf9226bd,13.64,1
261ff7c7-c734-4669-8992-18bae0cb988a,13.65,0
de2ff8f0-dc94-4414-b031-5e667afcf03f,13.66,0
6509aadf-6ceb-49dc-980c-ee86d492a204,13.67,0
40402767-8928-4622-9d23-c92fde2cdde6,13.72,1
bfe4c626-4837-465a-93df-1c13320e07e0,13.73,1
5e44b526-10b7-481b-82ff-be0ed75058df,13.77,0
53d11b37-cc38-43c4-a17e-809278cc76b1,13.8,1
fbcdb4e2-fe51-4685-87c1-8d0c3a062fcc,13.86,0
31d1cf63-c841-456a-806a-58b2b39749ac,13.87,0
f7eea643-4367-464d-8f2b-ffac03387ff7,13.88,1
b609c1d1-777c-460d-890b-a6a82457ab80,13.93,0
13f6ea8b-ccd3-4a14-a7b5-e8876ea8bd51,13.93,0
b3393c95-b141-43d5-9e2c-d5a9fcb43a7d,13.96,1
55089495-4caf-4897-a845-d0ca3ec20320,13.98,0
65009126-26c5-43fa-bc7d-8627aea9d2bb,14.01,1
7ee1a263-ac67-4d1d-857a-7b89b5177108,14.01,0
0566d26b-b2ed-43a5-9f9e-8f7c3d556f57,14.04,0
d5315052-8946-436e-b014-b8f12bc9283e,14.09,1
f1347949-31bc-46b5-a68f-cddec3bd5deb,14.17,0
6cf41e03-16b3-47f7-a348-501620b7fc9b,14.21,1
01b4c8e3-51ac-4834-995a-a138de76c403,14.23,0
48564509-fc09-44fd-b278-7235e75dcbb1,14.28,1
451554189.1772751546,14.29,1
1395006732.1772752460,14.3,1
b17e33ab-4849-4523-ad90-e5d8691dedca,14.35,1
1be28c70-88de-43cc-a503-494dda860db0,14.36,0
fab80d1b-6cb3-4141-903e-4e9cd4033089,14.42,1
fb35db0e-866e-4f61-adc9-fe5376fba4e7,14.47,0
c6c1f950-a24d-49b8-9797-a0930a6d910d,14.49,1
047012a3-cd6b-4a5f-b025-b93c200d6cab,14.53,1
f7257d27-48be-4d8f-bf98-57b3e0396a90,14.59,0
1165717709.1772751789,14.62,1
ff770739-233d-42fd-9f65-b0e49e65c112,14.64,0
1203288034.1772751766,14.65,1
b01f5777-4d1b-48d2-81b9-6e25bd3b48f6,14.74,0
065a721f-008f-47d0-9932-e2d0983a085c,14.82,1
75d9e3ec-5d4d-492e-9813-383c0a1c58d7,14.86,0
ff2b8563-ffc0-4161-8d75-0c34cf34c2fd,14.87,0
4b7607da-e21b-4b70-9af8-51f604c96764,14.88,1
6190e255-f789-445c-a8bb-afa748aa6857,14.89,0
9d41ce04-4a95-4a93-96a2-afc884e7d3f1,14.93,0
555b5826-1708-4332-966c-fc70e3f855ec,14.98,0
b6773566-973e-40e4-9fa8-7a040c4bdbf5,14.98,1
4f5b76ce-156b-4374-a8bb-51b8af56d841,15.05,0
1db1c0ea-5532-4cfc-ae52-f078dd7e7552,15.06,1
2d214a34-ae98-4cf3-87a4-08bd2221a8b7,15.08,1
788259100.1772751815,15.1,1
dbd74523-9484-4b00-b531-62638cb5be51,15.12,0
a4f640b2-754d-4e42-ab08-b696750f2193,15.13,1
c965a187-3a5c-4988-a52d-bcb0c4c5f8d4,15.14,0
14e12056-6bb3-4749-a8cd-f4b9f5138178,15.15,0
d57815d7-d0a1-44b6-bdf4-354be04b0255,15.25,1
468085220.1772752361,15.28,1
817b9976-0dda-4264-b607-1b38e3239009,15.29,0
42914caf-ad08-4815-aa92-b120f03f3c51,15.34,0
9b012cfb-6e0d-40b9-87b9-74ab89f3f705,15.35,0
5d191cc5-b52a-4a12-972b-17e3f4290791,15.4,0
1619673412.1772752336,15.44,0
1e6a22ca-c213-46d1-ae72-d62a718f23af,15.48,0
f973cab0-7da2-45d8-96a9-c1eb6af21e83,15.55,0
a062b512-b645-488e-b997-deabfeb810f5,15.55,0
99582556-a644-4c2b-a633-c3fa7e14f6fa,15.61,0
1795664824.1772752310,15.74,1
244d1570-dc17-4584-bd4f-d6f499ddeb70,15.79,1
1077034423.1772748461,15.82,0
3976fa4a-b711-48b7-a10c-68d26418a9d9,15.82,0
a7942c91-0881-410b-8396-4a5e0b4aca36,15.83,0
8081be99-d342-4651-b5a7-6328b402c627,15.84,0
1598197597.1772752151,15.87,0
967642231.1772751960,15.9,1
67dca27e-1b7c-4d50-bdf2-d7a7501aaace,15.94,0
0b373b18-9720-42c7-afab-30a46c52eda5,15.96,0
12081fc1-1502-4f0a-a5b2-4866fffe02df,15.97,1
cab8f151-f807-48e0-86f4-f850eeba5dc9,15.98,0
b45bc2e7-5c96-4e59-84cb-e6a228154a3f,15.98,0
768873ac-98ad-400e-ae15-bf4b0cbd8663,16.04,0
1827687020.1772750074,16.05,1
2067795127.1772751841,16.05,1
43b15b5e-1457-45f8-9963-287ec20c8db8,16.07,0
4453fbf8-c11f-4c8a-9eb4-922ec2307d4d,16.13,0
d4017123-10b6-4da1-9686-aa382ff81263,16.17,0
1472b0bc-5d8f-4dd7-97e0-659e49593c5c,16.2,1
1d3c229f-0bf1-4ac2-aee6-7b6878301b68,16.21,1
be363efa-5fe2-48fa-be0b-283c341497ca,16.22,1
22f75ce8-9d05-494f-9f54-d2bdacdb393b,16.24,1
1243618487.1772751064,16.28,1
1725664874.1772750616,16.29,1
ea6ece7f-09bb-452e-a540-34bcf834cea4,16.36,0
dc1ef8fd-2c35-4671-ad38-5ae53230d1c5,16.41,0
50664015.1772751419,16.42,1
874deda3-b1d7-4c58-b486-f959a9ff6bf9,16.42,0
1f7b4e07-2101-4b2d-ade2-a2b22f01d317,16.43,0
0931d9c8-13a4-4411-8140-4e74fc81b566,16.43,0
d9f32acf-0b98-484c-8083-d51af189bd8f,16.44,1
c7546f85-a0d7-4ab4-9e42-86da8be9ab53,16.45,0
b16b4a9c-f305-4584-b55f-b62869efb895,16.46,0
7673cba1-2c29-4226-8732-be90673b71e3,16.49,1
f1588509-2480-4cfb-952d-60ebd5f63235,16.5,1
1183226910.1772750921,16.52,1
a0c2d7c9-0d53-4fc8-a40a-8e7acc6fef38,16.52,1
cf9ce264-1c84-4780-8404-02296919a032,16.54,0
422af446-85c1-4f33-9fee-b759d15f645a,16.54,1
4a3a6ba0-0ed8-4063-abb7-81c7744f0d9d,16.59,0
4e30e30c-2b66-4aa7-9379-fc508c814434,16.64,0
16bdf8f2-3f37-44a0-bde4-7e26598612f3,16.68,0
e805b495-9736-4e42-a95c-6bf0852b2842,16.69,1
6a1fdda8-bb06-479e-a89b-fc86da63855b,16.69,1
d9abbdfd-3383-4e05-b219-900127109616,16.75,0
cbe04024-d827-480a-a2cf-b535fc4e5b93,16.76,0
325e931c-68a6-454a-ac51-05c15446a56e,16.76,0
1797190915.1772752103,16.81,0
a4d70448-ecaf-4793-9b64-707749625ddd,16.88,0
f66b8c90-2e6f-4a8e-b261-febaa7f31fbe,16.93,0
68cd5993-daaf-4449-9432-5ebb3ed21420,16.93,0
879ee10d-2954-43b7-a7f4-d1e0d22cc215,16.94,0
ef4bc94b-f668-442e-94f0-0a8606d1d970,16.95,0
2ba08ee3-8bfd-4376-8741-6cf5223d8aa2,16.99,0
09ebe750-4bf5-4953-bf67-129c5c24c69e,17.02,0
27371702-ccff-4b59-938f-f0532dc24541,17.02,0
55f53d7e-a1a0-4f9e-8697-1e2e67aa7cd1,17.04,1
cac433af-24a7-4528-b82e-44f2ff13761c,17.1,0
eb147091-34dd-48f9-9460-87c74e83f06b,17.11,0
30ec820b-67c4-4aaa-af49-829a1f986df9,17.17,0
46e63013-3004-45da-ade6-c0c08cfe11f6,17.2,1
11d8e05e-969e-42d6-af1b-89613a7f1d18,17.3,0
104be38f-9362-449e-93bf-d804dfb6ec43,17.31,0
966949fd-aaed-49f3-88a4-d26b07494f88,17.34,0
7bf08d9a-8880-4d79-a7ab-efcc29c80269,17.35,0
c9c76fc1-f5d2-441e-9383-ee1e6bd6d2ad,17.36,1
f710a465-d212-4abc-8d7e-7dc840ed6d67,17.37,0
0528eb01-07b3-4a4a-aca0-65ab05b26a29,17.41,0
1645155b-e213-44de-a9ed-ab63a4a00e48,17.47,0
3cec7d81-2133-4c99-9359-06c3dfbf89e9,17.5,0
9fdf3f93-040a-4c27-94e9-83f3e638d420,17.52,1
ff40c4c0-5391-428c-a120-58fddf4c208c,17.53,0
4fff0996-b4cd-4a93-9681-fc6da1d1435f,17.53,0
01472725-51bc-41cd-b564-bc09870110ad,17.63,1
7f4236d3-737a-4ad2-94f5-67498ff657f9,17.63,0
4af6c70f-3073-45db-b812-3cb54328fd9e,17.63,1
8b468d6b-3848-442c-97d3-0c45e4db4fb8,17.64,1
237d8448-d4fc-4d57-b967-400d45798471,17.66,0
1811ed6e-cefb-4af6-9078-afbb4791ff2d,17.66,1
c7b616ec-c433-4309-8267-e8545f600836,17.74,0
c53cffd4-f8a6-47b1-99ba-c9080790e12c,17.75,0
ee4bf813-683f-4642-a91a-8ebf1c948165,17.78,1
8640e6e2-bfbc-416a-9ef6-c9cf5f0b6d45,17.8,1
cd93ad02-6872-491e-882a-a04a78d4ec57,17.84,0
d71c4bcc-63c6-4abd-b118-6af3fd980c76,17.85,1
9efcbf72-eaaf-450c-b36f-5ecb9a8c331f,17.9,1
1bad6458-a841-413e-ba51-f75d59428a65,17.91,0
2073821618.1770977671,26.23,1
2073821618.1770977671,26.39,1
2073821618.1770977671,33.72,1
2073821618.1770977671,44.27,1
2073821618.1770977671,80.06,1
1309390306.1773174442,502.42,1
2073821618.1770977671,2223.42,1